<?xml version="1.0" encoding="UTF-8"?>
<project-private xmlns="http://www.netbeans.org/ns/project-private/1">
    <editor-bookmarks xmlns="http://www.netbeans.org/ns/editor-bookmarks/2" lastBookmarkId="0"/>
    <open-files xmlns="http://www.netbeans.org/ns/projectui-open-files/2">
        <group>
            <file>file:/C:/Users/heshan%20dilshara/OneDrive/Desktop/Ravindu/LMS/src/TechnicalOfficer/Panels/AttendancePanel.java</file>
            <file>file:/C:/Users/heshan%20dilshara/OneDrive/Desktop/Ravindu/LMS/src/Undergraduate/Undergraduate.java</file>
            <file>file:/C:/Users/heshan%20dilshara/OneDrive/Desktop/Ravindu/LMS/src/Undergraduate/components/CoursePanel.java</file>
            <file>file:/C:/Users/heshan%20dilshara/OneDrive/Desktop/Ravindu/LMS/src/Undergraduate/components/MedicalPanel.java</file>
            <file>file:/C:/Users/heshan%20dilshara/OneDrive/Desktop/Ravindu/LMS/src/Undergraduate/components/AttendancePanel.java</file>
            <file>file:/C:/Users/heshan%20dilshara/OneDrive/Desktop/Ravindu/LMS/src/Undergraduate/components/GradePanel.java</file>
            <file>file:/C:/Users/heshan%20dilshara/OneDrive/Desktop/Ravindu/LMS/src/Undergraduate/components/NoticePanel.java</file>
            <file>file:/C:/Users/heshan%20dilshara/OneDrive/Desktop/Ravindu/LMS/src/Undergraduate/components/ProfilePanel.java</file>
            <file>file:/C:/Users/heshan%20dilshara/OneDrive/Desktop/Ravindu/LMS/src/Undergraduate/components/TimeTablePanel.java</file>
        </group>
    </open-files>
</project-private>
